[
  {
    "libraryIdentifier" : "f2f133616f2436179cadb322153c004b",
    "format" : "model",
    "displayName" : "TessellationTest (1).usdz"
  },
  {
    "libraryIdentifier" : "d29f167b1839ec9ae4c79b4a5d6112c6",
    "format" : "model",
    "displayName" : "TessellationTest2.usdz"
  },
  {
    "libraryIdentifier" : "932f2fa03d025c682afcf6e7ec919674",
    "format" : "model",
    "displayName" : "TessellationTest8.usdz"
  },
  {
    "libraryIdentifier" : "7353a9305b78a3a7d7f631cb67b74046",
    "format" : "model",
    "displayName" : "Tesse10.usdz"
  },
  {
    "libraryIdentifier" : "7ec13d61f8531e88581f1c2bda05c819",
    "format" : "model",
    "displayName" : "Tesse13.usdz"
  },
  {
    "libraryIdentifier" : "c781017874cb0dd04beca8ff119f373d",
    "format" : "model",
    "displayName" : "Cranemodelo.usdz"
  }
]